{
  "POST Create User" : {
    "transaction" : "POST Create User",
    "sampleCount" : 10,
    "errorCount" : 0,
    "errorPct" : 0.0,
    "meanResTime" : 68.30000000000001,
    "medianResTime" : 57.0,
    "minResTime" : 51.0,
    "maxResTime" : 119.0,
    "pct1ResTime" : 117.4,
    "pct2ResTime" : 119.0,
    "pct3ResTime" : 119.0,
    "throughput" : 1.1981787682722262,
    "receivedKBytesPerSec" : 2.9225499116343157,
    "sentKBytesPerSec" : 0.39315240833932424
  },
  "GET Users List" : {
    "transaction" : "GET Users List",
    "sampleCount" : 10,
    "errorCount" : 0,
    "errorPct" : 0.0,
    "meanResTime" : 85.9,
    "medianResTime" : 31.5,
    "minResTime" : 22.0,
    "maxResTime" : 589.0,
    "pct1ResTime" : 533.7000000000003,
    "pct2ResTime" : 589.0,
    "pct3ResTime" : 589.0,
    "throughput" : 1.114330287497214,
    "receivedKBytesPerSec" : 3.9295377618676173,
    "sentKBytesPerSec" : 0.3144936065299755
  },
  "Total" : {
    "transaction" : "Total",
    "sampleCount" : 30,
    "errorCount" : 0,
    "errorPct" : 0.0,
    "meanResTime" : 58.0,
    "medianResTime" : 33.5,
    "minResTime" : 9.0,
    "maxResTime" : 589.0,
    "pct1ResTime" : 102.30000000000001,
    "pct2ResTime" : 330.49999999999966,
    "pct3ResTime" : 589.0,
    "throughput" : 3.320420586607637,
    "receivedKBytesPerSec" : 9.69396357913669,
    "sentKBytesPerSec" : 0.9825072634200331
  },
  "GET Single User" : {
    "transaction" : "GET Single User",
    "sampleCount" : 10,
    "errorCount" : 0,
    "errorPct" : 0.0,
    "meanResTime" : 19.8,
    "medianResTime" : 10.0,
    "minResTime" : 9.0,
    "maxResTime" : 96.0,
    "pct1ResTime" : 88.20000000000003,
    "pct2ResTime" : 96.0,
    "pct3ResTime" : 96.0,
    "throughput" : 1.1918951132300357,
    "receivedKBytesPerSec" : 3.3289258045292014,
    "sentKBytesPerSec" : 0.33056466030989273
  }
}